"","state","account.length","area.code","phone.number","international.plan","voice.mail.plan","number.vmail.messages","total.day.minutes","total.day.calls","total.day.charge","total.eve.minutes","total.eve.calls","total.eve.charge","total.night.minutes","total.night.calls","total.night.charge","total.intl.minutes","total.intl.calls","total.intl.charge","number.customer.service.calls","Churn"
"403","WV",122,415," 390-9352"," yes"," no",0,168.8,86,28.7,237.6,98,20.2,204.3,94,9.19,5.3,9,1.43,1," False."
"539","RI",121,415," 350-6534"," no"," yes",22,212.3,107,36.09,238,94,20.23,332.8,114,14.98,10.4,2,2.81,1," False."
"606","SD",129,408," 342-8720"," no"," no",0,52.2,93,8.87,128.8,117,10.95,141.7,63,6.38,9.4,12,2.54,1," False."
"1199","MN",162,408," 400-8640"," no"," no",0,221.9,66,37.72,112.7,109,9.58,176.5,141,7.94,10.7,6,2.89,1," False."
"568","IL",103,408," 383-4867"," no"," no",0,205.2,74,34.88,200.8,97,17.07,251.1,94,11.3,11.2,1,3.02,1," False."
"1314","WI",104,510," 385-8301"," no"," yes",15,124.7,99,21.2,188.3,108,16.01,208.6,95,9.39,8,3,2.16,0," False."
"144","IA",93,408," 363-6957"," no"," no",0,198.1,93,33.68,236.1,95,20.07,127.3,121,5.73,12.6,4,3.4,2," False."
"1446","NY",102,408," 375-2367"," no"," yes",48,134,83,22.78,234.3,128,19.92,197.3,107,8.88,7.8,4,2.11,6," True."
"1023","OK",33,415," 396-3744"," yes"," no",0,247.1,114,42.01,146.5,110,12.45,208.9,94,9.4,10.6,2,2.86,4," True."
"1098","NV",134,408," 380-4150"," no"," no",0,107,146,18.19,220,116,18.7,149.8,108,6.74,7.2,3,1.94,2," False."
"450","NJ",165,415," 337-6502"," no"," yes",17,177.9,68,30.24,153.9,112,13.08,251.2,121,11.3,10.6,7,2.86,1," False."
"307","UT",96,415," 396-7504"," no"," no",0,125.8,102,21.39,244.4,111,20.77,167.7,90,7.55,9,2,2.43,2," False."
"1211","IL",109,510," 347-5734"," no"," no",0,117.8,64,20.03,216.2,84,18.38,148.4,59,6.68,10.9,5,2.94,1," False."
"582","AL",171,510," 348-9777"," no"," no",0,221.5,103,37.66,109.5,58,9.31,134.6,115,6.06,11.6,4,3.13,1," False."
"1272","AZ",193,415," 408-8885"," no"," no",0,208.1,115,35.38,178,104,15.13,195.9,95,8.82,12.4,9,3.35,3," False."
"1600","NC",93,510," 400-7992"," no"," no",0,217.2,92,36.92,204.5,83,17.38,157.9,101,7.11,11.4,10,3.08,1," False."
"821","VT",106,510," 420-4654"," yes"," no",0,196.7,100,33.44,210.2,109,17.87,173.8,83,7.82,7.8,1,2.11,4," True."
"1359","NE",136,415," 378-3392"," no"," no",0,259,105,44.03,166.9,125,14.19,255.1,107,11.48,11.1,3,3,3," False."
"845","CO",82,408," 370-8039"," no"," no",0,121.6,81,20.67,191.3,109,16.26,231.4,81,10.41,8.6,5,2.32,3," False."
"746","CA",81,408," 357-6526"," no"," no",0,125.1,103,21.27,209.6,103,17.82,186.2,78,8.38,11.8,1,3.19,1," False."
"862","MO",97,510," 385-6470"," no"," no",0,80.7,99,13.72,262.3,93,22.3,214.6,130,9.66,8.8,3,2.38,0," False."
"770","MS",53,510," 365-8548"," no"," no",0,198.3,100,33.71,304.2,93,25.86,131.5,85,5.92,9.2,5,2.48,2," False."
"380","NJ",85,510," 332-5124"," no"," no",0,232.1,130,39.46,150.7,75,12.81,253.9,77,11.43,13,3,3.51,0," False."
"1139","HI",47,510," 376-9305"," yes"," no",0,135,108,22.95,176.3,111,14.99,144.6,96,6.51,10.5,1,2.84,1," True."
"937","SC",100,408," 367-6010"," no"," yes",41,306.9,71,52.17,243.3,72,20.68,125.9,114,5.67,10.5,4,2.84,2," False."
"1372","MO",16,510," 369-8569"," no"," no",0,228.3,80,38.81,130.9,75,11.13,156.7,98,7.05,8.4,9,2.27,1," False."
"759","MT",88,408," 329-8057"," no"," no",0,242.4,89,41.21,161.4,89,13.72,142.4,95,6.41,5.4,2,1.46,1," False."
"741","MT",78,510," 351-9552"," no"," no",0,185.8,102,31.59,251.6,88,21.39,202.8,86,9.13,13.3,6,3.59,2," False."
"62","MA",169,408," 354-7187"," no"," yes",22,149.1,103,25.35,207.2,91,17.61,265.4,92,11.94,11.4,7,3.08,2," False."
"1172","AL",123,415," 406-8380"," no"," no",0,132.6,100,22.54,198.8,102,16.9,168.9,105,7.6,0,0,0,1," False."
"1477","AZ",126,415," 417-6290"," no"," no",0,284,92,48.28,199.7,78,16.97,203.4,141,9.15,6.6,2,1.78,1," True."
"623","KY",132,415," 390-1966"," no"," no",0,172.7,90,29.36,344,62,29.24,301.6,113,13.57,5.5,4,1.49,0," False."
"1436","ME",48,510," 392-2267"," no"," no",0,200.5,117,34.09,225.3,123,19.15,134,89,6.03,6.7,5,1.81,4," False."
"11","AR",113,510," 360-3811"," no"," yes",39,209.8,77,35.67,164.1,90,13.95,159.7,100,7.19,9,4,2.43,1," False."
"943","PA",135,415," 339-9147"," no"," yes",46,172.6,77,29.34,203.4,102,17.29,264.2,108,11.89,10.4,2,2.81,1," False."
"1340","UT",43,510," 391-6973"," no"," yes",24,207,109,35.19,181.7,100,15.44,148.7,111,6.69,5.7,6,1.54,1," False."
"184","AR",156,510," 380-3546"," no"," no",0,189.4,114,32.2,145.7,96,12.38,192.8,121,8.68,4.5,13,1.22,0," False."
"877","CO",65,408," 403-7587"," no"," no",0,131.5,119,22.36,222.3,119,18.9,155.3,83,6.99,11.1,7,3,1," False."
"1578","NV",58,408," 389-6407"," no"," no",0,191.3,120,32.52,216.4,124,18.39,100.3,132,4.51,8.6,9,2.32,3," False."
"275","AZ",68,408," 369-6749"," no"," no",0,172.5,115,29.33,221.9,126,18.86,170.9,98,7.69,6.8,8,1.84,4," False."
"1639","HI",128,510," 409-8074"," no"," yes",28,115.4,96,19.62,185.4,94,15.76,209.3,69,9.42,17.7,4,4.78,0," False."
"834","MD",47,415," 394-7682"," yes"," no",0,177.1,104,30.11,217.4,97,18.48,191.8,131,8.63,9.7,5,2.62,2," False."
"1346","WA",143,415," 419-8947"," no"," no",0,211.4,94,35.94,184.5,89,15.68,243.2,108,10.94,5.5,5,1.49,1," True."
"1153","HI",57,415," 331-6403"," no"," no",0,214,100,36.38,209.9,80,17.84,105.1,112,4.73,11.3,1,3.05,0," False."
"1009","MI",76,415," 403-7877"," no"," yes",37,190.8,58,32.44,221.9,101,18.86,211.2,104,9.5,12.3,4,3.32,1," False."
"1410","MT",49,415," 370-8625"," yes"," no",0,157.6,101,26.79,256.4,69,21.79,260.8,107,11.74,9.8,4,2.65,1," False."
"1175","CA",86,415," 358-7985"," no"," no",0,234.6,102,39.88,268.3,109,22.81,195.6,102,8.8,11.6,4,3.13,1," True."
"1187","MO",90,408," 398-4699"," yes"," no",0,207.1,87,35.21,208.5,87,17.72,146,95,6.57,4.4,5,1.19,2," False."
"1261","MS",45,415," 419-9550"," no"," yes",18,168,127,28.56,155.5,76,13.22,152.7,127,6.87,11.8,5,3.19,0," False."
"234","SD",106,408," 387-7614"," no"," yes",27,223.3,97,37.96,212.5,131,18.06,154.6,149,6.96,11.6,2,3.13,1," False."
"93","MI",100,510," 394-8091"," no"," yes",21,86.1,95,14.64,189.9,126,16.14,201.3,113,9.06,11.7,4,3.16,0," False."
"121","NY",90,415," 346-8648"," no"," no",0,180,58,30.6,229.4,88,19.5,162.2,110,7.3,13.2,9,3.56,1," False."
"1524","TX",14,415," 336-2264"," no"," no",0,271.9,104,46.22,171.4,104,14.57,239.2,111,10.76,13.8,4,3.73,2," True."
"1230","NM",42,415," 389-2130"," no"," no",0,137.9,160,23.44,234.9,107,19.97,166.6,70,7.5,14.3,3,3.86,5," True."
"1493","IA",83,408," 330-4402"," yes"," no",0,197.6,105,33.59,177.5,96,15.09,126.8,100,5.71,9.2,1,2.48,3," True."
"987","NC",139,415," 414-2751"," yes"," no",0,185.1,101,31.47,266.7,75,22.67,207.9,95,9.36,9,3,2.43,3," False."
"1398","AZ",127,415," 386-1232"," no"," yes",29,136.1,146,23.14,302.6,105,25.72,163.1,116,7.34,18.5,2,5,2," False."
"894","ND",118,415," 379-5981"," no"," no",0,77.6,113,13.19,126.9,75,10.79,191,79,8.59,14.9,4,4.02,1," False."
"405","CO",71,415," 359-8959"," no"," no",0,217.7,114,37.01,182,105,15.47,113.5,87,5.11,8.5,10,2.3,4," False."
"876","UT",82,510," 393-8000"," no"," no",0,191.9,95,32.62,116.7,105,9.92,202.6,113,9.12,8.2,5,2.21,0," False."
"725","DC",29,510," 366-2822"," no"," no",0,182.1,92,30.96,180.4,91,15.33,206.4,128,9.29,7.2,2,1.94,2," False."
"1034","TX",109,510," 412-8992"," yes"," no",0,159.6,136,27.13,151,126,12.84,142.1,53,6.39,7.3,4,1.97,4," True."
"163","NC",80,408," 415-7080"," no"," no",0,196,75,33.32,237.8,112,20.21,220.1,127,9.9,13.9,5,3.75,1," False."
"703","NM",68,415," 338-2768"," no"," no",0,248.6,59,42.26,199.1,126,16.92,112.5,117,5.06,6.5,3,1.76,2," False."
"613","NH",59,415," 379-8021"," no"," no",0,163.5,107,27.8,187.1,91,15.9,179.1,100,8.06,10.3,1,2.78,2," False."
"190","OH",176,415," 390-9380"," no"," yes",31,167,93,28.39,174.1,128,14.8,155,124,6.98,10.4,4,2.81,3," False."
"1084","RI",76,510," 379-5420"," no"," yes",40,177.9,85,30.24,119.3,95,10.14,140.5,83,6.32,10.3,1,2.78,2," False."
"505","TX",112,415," 387-1375"," no"," no",0,210.4,78,35.77,172.4,75,14.65,240,105,10.8,11.7,3,3.16,2," False."
"1500","NJ",172,510," 390-7940"," no"," no",0,290.5,123,49.39,253,77,21.51,159.3,96,7.17,11.3,5,3.05,2," True."
"5","SC",108,415," 413-3643"," no"," no",0,197.4,78,33.56,124,101,10.54,204.5,107,9.2,7.7,4,2.08,2," False."
"90","TN",187,510," 329-9151"," no"," yes",25,199.9,64,33.98,134.6,110,11.44,210.4,78,9.47,11.7,6,3.16,3," False."
"1046","DC",118,415," 352-7986"," no"," no",0,183.1,128,31.13,241,93,20.49,211.1,108,9.5,12.5,4,3.38,0," False."
"1194","NM",59,408," 401-3749"," no"," no",0,145.8,95,24.79,228.3,81,19.41,247.5,87,11.14,9.6,5,2.59,0," False."
"154","SC",40,415," 359-5574"," no"," no",0,309.4,86,52.6,271.3,98,23.06,197.1,116,8.87,11.2,5,3.02,3," True."
"1488","AK",121,415," 364-8121"," no"," no",0,203.9,126,34.66,267.3,107,22.72,221.9,72,9.99,10.5,2,2.84,3," False."
"586","NV",95,415," 377-4669"," no"," yes",35,238.3,86,40.51,258.1,132,21.94,194.9,72,8.77,13.1,4,3.54,5," False."
"402","NM",110,415," 350-5065"," no"," no",0,198.2,92,33.69,147.1,97,12.5,199.6,76,8.98,16.5,4,4.46,4," False."
"1052","CO",101,415," 411-2995"," no"," yes",39,147.2,105,25.02,168.8,96,14.35,165.3,118,7.44,13,4,3.51,1," False."
"1495","SC",43,408," 392-1345"," no"," yes",39,198.5,104,33.75,163.1,107,13.86,212.2,125,9.55,10.8,2,2.92,1," False."
"1082","DE",50,510," 377-8126"," no"," yes",39,147.3,75,25.04,244.8,74,20.81,216.9,101,9.76,13.2,3,3.56,2," False."
"900","ID",159,510," 343-7980"," no"," yes",36,288.2,120,48.99,227.1,105,19.3,198.2,113,8.92,13.3,7,3.59,1," False."
"131","NH",145,415," 357-9659"," no"," no",0,170.5,101,28.99,206.5,112,17.55,194.3,106,8.74,9.8,1,2.65,3," False."
"317","NH",90,408," 416-1111"," no"," no",0,192.1,80,32.66,269.3,125,22.89,259.6,97,11.68,11.7,4,3.16,2," False."
"575","AR",99,408," 342-5216"," no"," yes",21,180.2,97,30.63,167.7,47,14.25,203.1,84,9.14,14.6,5,3.94,2," False."
"1506","HI",94,408," 333-8838"," no"," no",0,226.6,119,38.52,199.8,111,16.98,219.4,141,9.87,11.7,2,3.16,3," False."
"682","HI",174,415," 371-8517"," no"," no",0,187.4,74,31.86,144.6,142,12.29,235.7,102,10.61,10.2,1,2.75,1," False."
"897","IN",91,510," 336-2510"," yes"," no",0,103.2,100,17.54,124.8,154,10.61,336.1,111,15.12,14,4,3.78,2," True."
"419","MO",87,510," 401-9332"," no"," no",0,261,83,44.37,144.2,95,12.26,284.4,119,12.8,16.3,1,4.4,4," False."
"1404","MN",78,415," 390-8352"," no"," no",0,241.3,113,41.02,146.6,97,12.46,129,131,5.81,11.8,6,3.19,3," False."
"1440","MI",62,408," 413-6583"," no"," no",0,119.3,94,20.28,224,81,19.04,156.7,78,7.05,12.1,6,3.27,5," True."
"1507","PA",88,415," 396-5534"," no"," no",0,158.2,130,26.89,234.6,91,19.94,291,117,13.1,12.9,3,3.48,2," False."
"418","ND",141,415," 366-2610"," no"," no",0,208.5,129,35.45,190.3,86,16.18,144.7,93,6.51,12,9,3.24,1," False."
"1298","MD",79,415," 396-9684"," no"," no",0,213.4,107,36.28,176.2,82,14.98,180.1,125,8.1,7.9,4,2.13,0," False."
"263","ID",69,510," 403-8396"," yes"," no",0,199.7,121,33.95,189.4,92,16.1,264,120,11.88,11.1,4,3,6," True."
"118","GA",107,408," 349-3217"," no"," no",0,114.9,119,19.53,239.7,91,20.37,165.3,112,7.44,12.6,5,3.4,2," False."
"1253","KY",140,408," 327-9613"," no"," yes",24,235.4,92,40.02,160.9,71,13.68,211.9,99,9.54,8.9,2,2.4,3," False."
"840","MT",149,415," 382-6119"," no"," no",0,244.2,83,41.51,262,72,22.27,144.5,113,6.5,7,4,1.89,1," False."
"378","KS",24,510," 375-1752"," no"," yes",41,187.1,80,31.81,286.1,77,24.32,188,107,8.46,10.4,2,2.81,1," False."
"1597","VA",66,415," 350-7147"," no"," no",0,145.6,105,24.75,250.9,82,21.33,156.6,102,7.05,12.2,7,3.29,1," False."
"708","MS",79,415," 408-4628"," no"," no",0,161.6,94,27.47,187.5,110,15.94,220.8,71,9.94,10.3,7,2.78,2," False."
"67","LA",85,408," 409-7595"," no"," no",0,209.1,57,35.55,110.7,111,9.41,113.3,113,5.1,12.8,4,3.46,1," False."
"183","VA",150,415," 341-9546"," no"," yes",29,235.8,91,40.09,202.8,84,17.24,246.3,81,11.08,11.9,4,3.21,1," False."
"1256","LA",81,415," 376-5968"," no"," yes",43,102.4,102,17.41,225.3,104,19.15,182.3,97,8.2,7.1,5,1.92,2," False."
"1163","VT",93,415," 338-2813"," no"," yes",37,230.4,95,39.17,155.5,89,13.22,179,90,8.06,10.4,9,2.81,3," False."
"1455","MO",109,415," 335-1545"," no"," yes",39,86.4,69,14.69,189.1,108,16.07,225.4,119,10.14,4.8,4,1.3,2," False."
"168","ME",29,415," 411-9489"," no"," yes",38,149.4,93,25.4,189.8,96,16.13,127.4,71,5.73,6,3,1.62,1," False."
"828","VA",99,408," 389-8407"," no"," no",0,130.4,121,22.17,219.9,103,18.69,84.1,85,3.78,9.8,3,2.65,2," False."
"1103","WY",140,408," 380-9660"," no"," no",0,151.5,106,25.76,175.7,125,14.93,214.1,87,9.63,12.4,9,3.35,3," False."
"629","MT",117,510," 336-7952"," no"," no",0,180.6,134,30.7,216.6,96,18.41,101,122,4.55,10.6,6,2.86,4," True."
"633","DE",155,415," 339-2216"," no"," no",0,250.5,89,42.59,146.1,84,12.42,164.2,60,7.39,8.4,3,2.27,1," False."
"80","NJ",113,408," 402-8337"," yes"," no",0,122.4,98,20.81,223.8,116,19.02,267.5,148,12.04,11.6,5,3.13,3," False."
"1210","VT",109,415," 387-2956"," no"," no",0,134.3,99,22.83,203.9,103,17.33,297.7,91,13.4,7.6,2,2.05,3," False."
"979","WA",73,510," 335-6557"," yes"," no",0,202.9,108,34.49,285.9,121,24.3,219,102,9.86,12.8,5,3.46,1," False."
"1037","AK",141,408," 421-9683"," no"," yes",43,157.8,122,26.83,132.3,108,11.25,137.1,81,6.17,5.6,2,1.51,2," False."
"993","ME",127,510," 386-3651"," no"," no",0,223.2,137,37.94,144.7,119,12.3,96,109,4.32,8.6,4,2.32,2," False."
"1576","OH",111,408," 341-9275"," yes"," no",0,145.8,106,24.79,172.5,143,14.66,143.9,123,6.48,11.9,4,3.21,1," False."
"737","MS",135,510," 371-3276"," no"," no",0,204.1,116,34.7,150.2,74,12.77,108.1,154,4.86,8.1,1,2.19,2," False."
"849","KY",127,415," 384-1895"," no"," no",0,264.5,75,44.97,179.2,91,15.23,141.9,93,6.39,8,1,2.16,1," False."
"214","WA",93,415," 329-4592"," no"," no",0,214.4,112,36.45,261.5,97,22.23,280.8,112,12.64,14.8,3,4,0," True."
"873","CO",11,415," 356-3554"," no"," yes",36,293.4,122,49.88,174.1,91,14.8,212,50,9.54,6.9,6,1.86,1," False."
"1356","ME",53,510," 386-4495"," no"," yes",22,174.8,110,29.72,191.4,104,16.27,119.5,103,5.38,12,2,3.24,3," False."
"143","TX",65,415," 399-7761"," no"," no",0,217.9,89,37.04,238.8,101,20.3,194.4,105,8.75,6.6,4,1.78,0," False."
"585","WY",65,415," 376-6485"," no"," yes",21,135.1,120,22.97,238.4,90,20.26,286.4,93,12.89,11,9,2.97,4," False."
"963","IN",195,415," 379-6697"," no"," no",0,221.6,109,37.67,126.2,94,10.73,212.2,98,9.55,6.4,2,1.73,0," False."
"390","WV",137,415," 396-9379"," no"," no",0,84.3,98,14.33,259.5,115,22.06,197.5,115,8.89,10.3,2,2.78,2," False."
"1629","OK",71,415," 338-9678"," no"," no",0,123.8,130,21.05,226.5,91,19.25,213.9,96,9.63,8.8,7,2.38,2," False."
"205","HI",17,408," 413-7801"," no"," no",0,168.5,102,28.65,297.2,130,25.26,244.7,117,11.01,8.8,6,2.38,3," False."
"1142","MS",69,510," 408-8444"," no"," no",0,167.4,105,28.46,121.5,142,10.33,209.3,83,9.42,16,2,4.32,1," False."
"1461","RI",42,408," 369-2037"," no"," no",0,191.9,139,32.62,304.2,91,25.86,179.5,91,8.08,11.7,4,3.16,0," False."
"289","NE",100,415," 339-8912"," no"," no",0,220.3,106,37.45,126.1,124,10.72,242,67,10.89,10.2,1,2.75,3," False."
"108","AL",69,408," 405-5324"," no"," yes",27,188.4,104,32.03,320.6,128,27.25,161.7,120,7.28,9.7,7,2.62,1," False."
"1132","RI",87,415," 375-8229"," no"," no",0,210.7,46,35.82,215.6,116,18.33,170.4,79,7.67,13.2,3,3.56,1," False."
"914","OR",135,408," 389-4686"," yes"," no",0,174.8,112,29.72,218,125,18.53,180.1,102,8.1,12.7,6,3.43,3," False."
"326","WV",3,408," 339-8673"," no"," no",0,182.9,87,31.09,172.1,103,14.63,233.1,89,10.49,12.1,3,3.27,4," False."
"1596","PA",121,408," 339-2838"," no"," no",0,245.9,113,41.8,210.8,94,17.92,187.9,108,8.46,10.4,8,2.81,1," False."
"961","NC",102,408," 416-8826"," no"," yes",27,109.8,66,18.67,207.3,76,17.62,236.9,101,10.66,10.3,7,2.78,0," False."
"1537","FL",202,415," 333-6431"," no"," no",0,168.9,88,28.71,235.8,98,20.04,273.2,108,12.29,14.6,3,3.94,3," False."
"329","FL",151,415," 404-7454"," no"," no",0,175.7,91,29.87,152.3,127,12.95,140,88,6.3,10.7,10,2.89,1," False."
"1630","WY",91,415," 406-7312"," no"," no",0,34.5,85,5.87,192.3,80,16.35,256.3,71,11.53,7.9,7,2.13,0," False."
"287","NY",81,408," 411-6568"," no"," yes",36,164.8,106,28.02,210.2,138,17.87,173.6,78,7.81,4.3,2,1.16,2," False."
"1012","NH",183,408," 409-4681"," no"," yes",38,178.4,103,30.33,184.4,79,15.67,203.3,94,9.15,7.2,3,1.94,3," False."
"1528","DE",127,510," 367-5148"," no"," no",0,241.7,115,41.09,141.5,96,12.03,170.7,94,7.68,4.5,5,1.22,2," False."
"267","DC",41,510," 339-8936"," no"," no",0,208,83,35.36,199.4,110,16.95,173.5,91,7.81,14.9,3,4.02,1," False."
"885","MO",87,408," 413-6899"," no"," no",0,129.5,104,22.02,194,133,16.49,287.9,65,12.96,7.2,7,1.94,2," False."
"831","NY",119,408," 383-3583"," no"," no",0,153.2,131,26.04,116.6,85,9.91,218.5,74,9.83,10.1,5,2.73,1," False."
"1374","ME",108,510," 393-8065"," no"," yes",48,185.6,125,31.55,224.6,125,19.09,284.7,87,12.81,6.9,3,1.86,1," False."
"1525","MS",45,415," 402-7333"," no"," no",0,142.7,80,24.26,205.4,135,17.46,228.1,87,10.26,12,11,3.24,2," False."
"615","MA",152,408," 411-1584"," no"," no",0,216.7,70,36.84,152.7,102,12.98,181.2,99,8.15,11.6,6,3.13,1," False."
"128","VT",33,408," 407-1073"," no"," yes",33,221.4,110,37.64,276.1,86,23.47,222.9,102,10.03,10.1,4,2.73,1," False."
"1317","AR",138,408," 337-5390"," no"," yes",33,214.9,91,36.53,288.7,97,24.54,262.7,64,11.82,8.1,2,2.19,0," False."
"1242","SC",137,510," 368-4510"," no"," no",0,109.8,112,18.67,223.5,88,19,247.5,96,11.14,17.8,2,4.81,1," False."
"1593","MT",109,415," 403-8513"," no"," no",0,136.2,103,23.15,177.8,132,15.11,263.4,135,11.85,8.3,3,2.24,1," False."
"1296","AR",41,415," 388-6925"," no"," no",0,102.9,114,17.49,107.9,119,9.17,277.6,99,12.49,11,4,2.97,6," True."
"824","MA",100,415," 390-2676"," no"," no",0,167.2,100,28.42,141.2,87,12,251.3,76,11.31,6.1,6,1.65,3," False."
"245","FL",133,408," 394-8999"," no"," yes",49,229.4,78,39,219.5,106,18.66,172.3,115,7.75,12,4,3.24,3," False."
"151","GA",96,408," 358-3041"," no"," yes",26,126.5,108,21.51,123.8,114,10.52,308.5,98,13.88,13.1,6,3.54,2," False."
"169","MS",57,415," 387-8589"," no"," yes",36,244.5,94,41.57,161.2,113,13.7,184.3,105,8.29,9.7,3,2.62,1," False."
"1025","KS",124,415," 360-8501"," no"," no",0,94.8,102,16.12,238.9,91,20.31,279.4,94,12.57,11.6,3,3.13,2," False."
"756","TX",104,510," 420-9325"," no"," no",0,111.9,105,19.02,197.7,121,16.8,302.8,108,13.63,10.1,5,2.73,1," False."
"349","AR",154,408," 383-2893"," no"," no",0,283.6,115,48.21,181.3,103,15.41,306.1,60,13.77,8.8,5,2.38,0," True."
"387","OR",69,415," 331-9191"," no"," no",0,243.3,101,41.36,109.2,99,9.28,176.9,138,7.96,9.3,3,2.51,0," False."
"754","CO",103,510," 374-3585"," no"," yes",40,140.3,52,23.85,245.6,114,20.88,111.7,86,5.03,11.1,6,3,1," False."
"673","AL",74,415," 366-5737"," no"," no",0,180,110,30.6,212.9,100,18.1,182.3,95,8.2,11.8,10,3.19,0," False."
"1252","WY",25,408," 390-1597"," no"," no",0,199.2,80,33.86,123.2,84,10.47,82.3,77,3.7,9.6,4,2.59,2," False."
"325","PA",142,408," 344-3858"," yes"," yes",23,102.2,103,17.37,229.7,110,19.52,176.3,100,7.93,9,4,2.43,1," False."
"1517","NY",49,415," 396-7938"," no"," no",0,167.2,94,28.42,218.1,121,18.54,313.1,109,14.09,7.8,5,2.11,3," False."
"436","OH",70,510," 363-3573"," no"," yes",23,205.5,95,34.94,224.3,80,19.07,196.1,76,8.82,9.7,4,2.62,1," False."
"656","NY",84,415," 391-4987"," no"," no",0,214.9,72,36.53,197.7,92,16.8,153.1,79,6.89,11.9,2,3.21,2," False."
"1244","WV",131,510," 350-7785"," no"," no",0,256.6,96,43.62,225.2,113,19.14,190.2,91,8.56,11.1,3,3,1," True."
"1291","AL",74,415," 364-3553"," no"," no",0,207.1,79,35.21,182,100,15.47,233.7,73,10.52,7.4,8,2,1," False."
"308","MA",106,408," 422-9831"," no"," no",0,186.2,97,31.65,257.7,89,21.9,164.3,106,7.39,11,4,2.97,2," False."
"1249","TX",108,415," 416-3576"," no"," no",0,133.1,52,22.63,256.3,103,21.79,247.2,118,11.12,11.9,3,3.21,3," False."
"512","NY",115,408," 402-5969"," no"," yes",30,181.2,65,30.8,193.2,62,16.42,153.2,92,6.89,9.9,6,2.67,2," False."
"391","GA",80,408," 362-6277"," no"," no",0,142.9,70,24.29,221.6,83,18.84,121.4,111,5.46,15.2,4,4.1,1," False."
"842","RI",1,510," 329-2106"," no"," no",0,241.5,114,41.06,195.2,94,16.59,201.6,93,9.07,14.1,3,3.81,3," False."
"324","FL",113,415," 395-3867"," no"," no",0,317.1,97,53.91,224.8,70,19.11,215.1,90,9.68,13.6,2,3.67,1," True."
"1044","DC",149,415," 420-3480"," no"," yes",25,185.6,109,31.55,167.3,89,14.22,171.6,100,7.72,10.7,3,2.89,1," True."
"733","AL",115,415," 338-7859"," no"," no",0,265.9,112,45.2,132.9,94,11.3,185.2,106,8.33,14.6,7,3.94,1," False."
"104","RI",102,510," 390-6701"," no"," no",0,184.6,133,31.38,166.8,94,14.18,225.2,105,10.13,6.8,8,1.84,1," False."
"1462","MS",162,415," 376-6510"," yes"," no",0,172.1,138,29.26,165.9,93,14.1,279,81,12.56,9.2,6,2.48,2," False."
"1160","NM",136,408," 394-2576"," no"," no",0,276.3,94,46.97,226,125,19.21,221.4,87,9.96,7.2,1,1.94,1," True."
"1251","ME",104,415," 405-2038"," no"," no",0,246.4,108,41.89,205.5,102,17.47,208.1,125,9.36,14.1,8,3.81,2," False."
"497","MI",173,415," 349-6209"," yes"," yes",18,127.2,89,21.62,130.7,114,11.11,229.7,115,10.34,11.2,5,3.02,2," False."
"641","MA",50,510," 420-8150"," no"," no",0,160.1,64,27.22,208.7,123,17.74,199.7,84,8.99,7.6,12,2.05,5," True."
"346","NV",100,415," 409-1906"," no"," yes",39,204.9,74,34.83,210.2,80,17.87,168.8,89,7.6,11.2,4,3.02,2," False."
"1516","ID",95,415," 415-7640"," no"," no",0,232,80,39.44,126.1,94,10.72,109.6,117,4.93,12,6,3.24,1," False."
"1390","TX",130,415," 402-2371"," no"," no",0,159.9,70,27.18,236.8,127,20.13,227.9,95,10.26,9,1,2.43,1," False."
"1026","SD",56,415," 350-5398"," no"," no",0,79.3,115,13.48,159,64,13.52,245.7,99,11.06,10.1,4,2.73,1," False."
"731","MD",156,510," 341-2398"," no"," no",0,81.7,133,13.89,242.5,117,20.61,203.8,112,9.17,12.3,6,3.32,3," False."
"634","WA",124,408," 383-2254"," no"," no",0,282.8,108,48.08,246.3,89,20.94,256.4,96,11.54,10.3,1,2.78,3," True."
"1176","VT",115,415," 378-8317"," no"," no",0,202.1,95,34.36,231.6,89,19.69,214.6,165,9.66,13.1,7,3.54,1," False."
"1466","TN",222,415," 376-5983"," no"," no",0,256.6,119,43.62,230.8,98,19.62,236,97,10.62,12.2,5,3.29,1," True."
"564","NY",147,408," 396-6046"," no"," no",0,134.6,91,22.88,175.1,83,14.88,201.1,114,9.05,8.9,3,2.4,0," False."
"170","KY",78,415," 336-7059"," no"," no",0,145.5,124,24.74,143.4,71,12.19,291.1,123,13.1,9.5,5,2.57,3," False."
"1138","KS",121,408," 390-1385"," yes"," no",0,175.9,87,29.9,225.3,114,19.15,156.2,113,7.03,10.4,3,2.81,2," False."
"1484","GA",18,415," 352-9179"," no"," no",0,156,88,26.52,213.8,127,18.17,244.9,113,11.02,11.4,9,3.08,1," False."
"1076","WA",65,415," 351-4517"," no"," no",0,189.3,74,32.18,205.3,90,17.45,228.2,78,10.27,8.5,13,2.3,3," False."
"732","RI",132,415," 394-6726"," yes"," yes",18,130.7,86,22.22,186.1,98,15.82,204.8,103,9.22,11.9,6,3.21,0," False."
"1248","TX",149,510," 351-1816"," no"," no",0,221.4,95,37.64,198.7,63,16.89,106.2,70,4.78,10,3,2.7,1," False."
"216","MA",117,408," 363-4527"," no"," no",0,302.6,83,51.44,167.1,106,14.2,209.8,79,9.44,10.4,7,2.81,1," True."
"652","OH",50,408," 381-7755"," no"," no",0,167.7,74,28.51,179.9,98,15.29,166.5,73,7.49,10.9,2,2.94,1," False."
"485","ID",40,510," 412-3209"," no"," no",0,146.4,105,24.89,196.4,143,16.69,235.6,123,10.6,9.4,3,2.54,3," False."
"1201","DC",105,510," 404-2850"," no"," no",0,193.2,139,32.84,260.3,104,22.13,226.4,133,10.19,7.8,2,2.11,1," False."
"562","MS",138,408," 361-4439"," no"," no",0,138.7,124,23.58,280.3,64,23.83,206.7,98,9.3,10.4,4,2.81,1," False."
"720","AZ",102,510," 384-1980"," no"," yes",29,158.2,132,26.89,250.6,47,21.3,219.3,86,9.87,15.1,4,4.08,1," False."
"413","MD",60,510," 338-8279"," no"," no",0,190.8,100,32.44,196,85,16.66,151.7,110,6.83,9.9,9,2.67,0," False."
"152","PA",91,415," 414-7988"," no"," no",0,139.8,109,23.77,157,91,13.35,218.6,122,9.84,13.6,4,3.67,3," False."
"135","MA",72,415," 353-7361"," no"," no",0,141.9,98,24.12,188.1,63,15.99,115.2,49,5.18,12,5,3.24,2," False."
"70","FL",39,510," 352-2984"," no"," no",0,121.6,99,20.67,267.6,99,22.75,99.7,88,4.49,7.1,2,1.92,1," False."
"888","RI",85,408," 403-1286"," no"," no",0,142.7,82,24.26,179.1,106,15.22,141.4,88,6.36,5,8,1.35,3," False."
"381","SC",59,415," 417-9570"," no"," no",0,128.7,85,21.88,169.8,121,14.43,207.3,98,9.33,10.5,4,2.84,3," False."
"1606","AL",80,415," 367-8983"," no"," no",0,209.9,109,35.68,226.1,56,19.22,154.2,121,6.94,9,5,2.43,1," False."
"1532","VT",122,510," 414-9921"," no"," no",0,216.5,60,36.81,250.3,140,21.28,247,99,11.12,5.7,6,1.54,2," False."
"904","FL",91,415," 382-3034"," no"," no",0,153.2,70,26.04,231.7,91,19.69,115.1,80,5.18,9.8,3,2.65,4," True."
"242","OK",177,415," 405-7304"," no"," yes",21,234,108,39.78,238,61,20.23,201.9,125,9.09,8.8,4,2.38,0," False."
"1078","MA",86,408," 392-4995"," no"," no",0,118.6,106,20.16,223.5,115,19,94.7,12,4.26,13.3,1,3.59,2," False."
"598","NM",79,415," 416-9571"," no"," no",0,187.3,108,31.84,177.1,72,15.05,269.2,135,12.11,9.5,3,2.57,3," False."
"297","ND",102,510," 410-8903"," no"," no",0,69.7,85,11.85,226.5,107,19.25,128.5,104,5.78,11.1,2,3,2," False."
"1183","MA",83,510," 355-3062"," no"," no",0,268.7,81,45.68,145.5,100,12.37,185.6,86,8.35,9.4,6,2.54,0," False."
"546","ME",57,510," 410-5934"," no"," yes",37,69.5,94,11.82,220.9,76,18.78,218.5,113,9.83,11.9,3,3.21,0," False."
"1000","WA",82,415," 379-8644"," no"," no",0,313.6,110,53.31,263.2,104,22.37,139,93,6.26,7.5,5,2.03,1," True."
"447","MN",141,408," 362-8044"," no"," no",0,77.8,123,13.23,144.4,119,12.27,75.3,65,3.39,5.7,7,1.54,1," False."
"1239","NH",98,415," 381-9931"," no"," no",0,243.4,88,41.38,147.1,155,12.5,156.4,80,7.04,9.7,4,2.62,2," False."
"116","MI",52,510," 355-9594"," no"," no",0,219,100,37.23,148.9,110,12.66,151.8,129,6.83,11.9,8,3.21,3," False."
"1121","AK",88,415," 395-8865"," no"," yes",37,181.7,88,30.89,237.4,106,20.18,209.1,111,9.41,9.5,5,2.57,2," False."
"783","NV",134,408," 405-4350"," no"," no",0,177.1,120,30.11,218.1,123,18.54,183.8,93,8.27,12.7,5,3.43,3," False."
"620","OR",100,415," 394-2717"," no"," no",0,129.4,69,22,251.3,73,21.36,157.1,92,7.07,10.4,3,2.81,1," False."
"800","NJ",116,415," 329-8540"," no"," no",0,154,127,26.18,280.4,68,23.83,213,56,9.58,8.6,2,2.32,6," False."
"138","IL",55,415," 348-1875"," no"," no",0,203.7,80,34.63,230.2,112,19.57,120.3,48,5.41,9.4,1,2.54,3," False."
"850","IA",82,510," 380-1093"," no"," yes",23,123.7,93,21.03,139.1,74,11.82,174.5,118,7.85,10.6,2,2.86,1," False."
"1389","AL",166,415," 405-6013"," yes"," no",0,191.3,120,32.52,167.3,88,14.22,162.9,110,7.33,10.2,2,2.75,2," True."
"142","DC",170,408," 401-5724"," no"," yes",34,125.3,128,21.3,240.6,104,20.45,243.4,109,10.95,7,3,1.89,3," False."
"1609","AL",57,415," 353-4406"," no"," no",0,190.1,114,32.32,274.5,96,23.33,132.5,122,5.96,9.2,5,2.48,3," False."
"1566","ND",152,408," 372-4073"," no"," no",0,298.1,113,50.68,228,119,19.38,228.1,98,10.26,8.2,4,2.21,4," True."
"1475","OK",116,408," 385-4165"," no"," no",0,211.3,91,35.92,190.9,116,16.23,184.1,134,8.28,6.3,4,1.7,2," False."
"224","NH",80,510," 385-5290"," no"," no",0,213.3,124,36.26,189.6,86,16.12,193.7,107,8.72,12.1,2,3.27,1," False."
"400","ID",106,510," 333-6724"," no"," no",0,160.8,73,27.34,170.4,112,14.48,249.2,131,11.21,7.2,3,1.94,1," False."
"718","MN",120,415," 342-2394"," no"," yes",31,211,117,35.87,238.7,77,20.29,184.5,99,8.3,14,8,3.78,1," False."
"1369","MN",59,415," 408-3215"," no"," no",0,231.4,93,39.34,168,92,14.28,257.2,124,11.57,11.4,5,3.08,2," False."
"1590","MN",102,415," 366-8192"," no"," yes",32,135.7,108,23.07,216.5,134,18.4,160.5,125,7.22,13,7,3.51,1," False."
"282","TN",102,415," 328-6797"," no"," no",0,183.2,112,31.14,187.5,113,15.94,232.3,77,10.45,9.2,5,2.48,1," True."
"555","MN",118,415," 352-8208"," no"," no",0,161.6,96,27.47,223.9,113,19.03,240.6,137,10.83,6.8,2,1.84,0," False."
"350","DC",91,408," 327-5816"," no"," no",0,167.5,77,28.48,175.2,113,14.89,233.5,85,10.51,16.1,5,4.35,2," False."
"367","FL",112,415," 367-5122"," no"," no",0,115.9,81,19.7,199.7,100,16.97,249.3,111,11.22,10,4,2.7,1," False."
"1348","WA",124,510," 417-9122"," no"," no",0,178.8,64,30.4,226,118,19.21,240.5,89,10.82,5.5,4,1.49,2," False."
"1412","ID",43,415," 380-4273"," no"," no",0,253.6,110,43.11,253.3,92,21.53,161.3,103,7.26,10.2,3,2.75,3," True."
"780","KY",110,408," 342-8693"," no"," no",0,244.7,84,41.6,106.4,95,9.04,194.9,61,8.77,10.5,1,2.84,2," True."
"847","OH",141,415," 409-3611"," no"," no",0,215.8,79,36.69,112.7,85,9.58,221.8,109,9.98,5.6,4,1.51,2," False."
"1365","MA",66,408," 357-1685"," no"," no",0,128.2,109,21.79,274.5,112,23.33,211,90,9.49,8.1,4,2.19,0," False."
"20","HI",158,510," 357-3134"," no"," no",0,193.3,121,32.86,208.1,97,17.69,228.1,99,10.26,7.1,9,1.92,1," False."
"541","MT",63,415," 380-1860"," no"," no",0,162.5,86,27.63,165.4,112,14.06,163.7,67,7.37,13.4,6,3.62,4," True."
"149","IA",157,510," 387-3219"," no"," no",0,102.9,94,17.49,229.1,96,19.47,198.7,129,8.94,13.6,2,3.67,1," False."
"1213","UT",90,415," 373-2483"," no"," no",0,152.3,91,25.89,165,120,14.03,294.3,73,13.24,9,3,2.43,2," False."
"1307","CA",91,510," 330-9102"," no"," no",0,172.5,56,29.33,276.5,70,23.5,180.9,90,8.14,6.9,2,1.86,3," False."
"1423","OK",17,408," 375-7203"," no"," no",0,180.4,121,30.67,228.5,111,19.42,199.5,99,8.98,14.8,5,4,0," False."
"97","IL",103,408," 391-4172"," no"," no",0,147.3,81,25.04,158.4,88,13.46,193.8,103,8.72,11,3,2.97,2," False."
"283","WV",131,408," 354-7284"," no"," no",0,155.6,78,26.45,165.2,134,14.04,184.1,89,8.28,8.7,2,2.35,2," False."
"1441","MT",84,415," 371-1481"," no"," yes",25,113.9,90,19.36,257,99,21.85,214.5,98,9.65,12.9,8,3.48,4," True."
"836","WY",39,510," 329-1120"," no"," yes",38,201.8,66,34.31,200.1,87,17.01,173.7,112,7.82,9.5,3,2.57,0," False."
"1654","OH",125,415," 364-2584"," no"," no",0,214.7,115,36.5,260.6,94,22.15,266.3,123,11.98,7.4,6,2,3," False."
"966","OR",81,415," 352-1257"," no"," yes",33,200.3,103,34.05,216.9,96,18.44,249.8,100,11.24,15.5,4,4.19,1," False."
"595","IN",32,415," 341-5178"," no"," no",0,103.6,78,17.61,238.5,115,20.27,186.9,70,8.41,11,4,2.97,2," False."
"1652","TN",74,510," 341-2423"," no"," no",0,159.4,86,27.1,210,122,17.85,172.4,99,7.76,8.5,2,2.3,1," False."
"1444","KY",78,415," 414-6137"," no"," no",0,254.1,112,43.2,215.9,80,18.35,267.1,124,12.02,16.3,3,4.4,0," True."
"55","VT",105,510," 373-7432"," no"," no",0,167.7,93,28.51,234.1,103,19.9,169.7,121,7.64,6.9,5,1.86,3," False."
"160","HI",161,408," 359-5651"," no"," no",0,165.4,88,28.12,209.7,111,17.82,270.7,129,12.18,10.5,3,2.84,4," False."
"408","WA",126,510," 338-7513"," no"," yes",42,247.8,96,42.13,159.1,98,13.52,201.8,73,9.08,10.6,3,2.86,2," False."
"133","CO",53,510," 417-1779"," no"," yes",24,201.7,87,34.29,251.7,97,21.39,297.4,95,13.38,7.9,5,2.13,0," False."
"1313","MS",107,415," 334-8668"," no"," no",0,220.1,103,37.42,200.4,94,17.03,272.6,147,12.27,7.4,5,2,2," False."
"269","WA",166,510," 393-1579"," no"," no",0,156.8,100,26.66,171.5,93,14.58,149.1,97,6.71,11.2,10,3.02,1," True."
"1342","GA",99,510," 389-3992"," no"," no",0,214.9,103,36.53,218.4,121,18.56,272.6,110,12.27,9.6,3,2.59,2," False."
"1345","OK",82,408," 387-7338"," no"," no",0,182.3,106,30.99,259.9,102,22.09,150.5,98,6.77,10.9,6,2.94,1," False."
"1608","ME",89,415," 373-5950"," no"," no",0,242.5,71,41.23,213.3,109,18.13,231,84,10.4,6.3,3,1.7,3," False."
"1058","PA",137,415," 384-7646"," no"," yes",25,174.6,88,29.68,243.8,118,20.72,259.7,103,11.69,12.2,3,3.29,3," False."
"1001","KY",167,408," 358-4969"," no"," no",0,130.5,66,22.19,80.9,102,6.88,221.6,116,9.97,11.2,5,3.02,1," False."
"1414","CA",65,408," 360-8224"," no"," no",0,182.5,58,31.03,201.9,93,17.16,189.1,97,8.51,8.6,5,2.32,1," False."
"774","AK",94,415," 336-7199"," no"," no",0,261.3,89,44.42,152.4,139,12.95,120.2,124,5.41,10.5,2,2.84,0," False."
"973","IA",21,408," 368-5621"," no"," no",0,138.1,79,23.48,186.9,75,15.89,194.2,105,8.74,12.1,1,3.27,0," False."
"1320","NM",69,415," 336-7762"," no"," no",0,111.3,110,18.92,226.8,107,19.28,187.6,66,8.44,10.2,12,2.75,1," False."
"1622","GA",130,415," 413-2362"," no"," no",0,119.4,99,20.3,226.3,97,19.24,202.7,111,9.12,11.3,7,3.05,0," False."
"1258","KY",77,415," 330-5602"," no"," yes",32,192.2,101,32.67,165.4,84,14.06,230.2,129,10.36,8,6,2.16,1," False."
"1420","NM",146,415," 334-2938"," no"," no",0,157.4,89,26.76,196,117,16.66,147.7,150,6.65,10.8,4,2.92,0," False."
"6","IA",117,415," 375-6180"," no"," no",0,226.5,85,38.51,141.6,68,12.04,223,90,10.04,6.9,5,1.86,1," False."
"115","PA",92,510," 397-9004"," no"," no",0,185.9,111,31.6,216.8,93,18.43,231,58,10.4,8.5,2,2.3,1," False."
"211","WY",109,415," 339-8534"," yes"," yes",46,165.2,85,28.08,136,92,11.56,184.8,100,8.32,11.9,5,3.21,1," False."
"766","FL",87,415," 371-8654"," no"," no",0,176.6,83,30.02,221.6,101,18.84,185.3,89,8.34,9.4,1,2.54,0," False."
"1533","WY",101,415," 347-2481"," no"," yes",24,240.5,103,40.89,280.5,78,23.84,212.8,69,9.58,10.4,5,2.81,2," False."
"452","IA",79,415," 359-2705"," no"," no",0,157.5,90,26.78,223.8,83,19.02,241.1,98,10.85,12.2,4,3.29,1," False."
"1335","DC",112,415," 420-1296"," yes"," no",0,217.6,110,36.99,195.7,105,16.63,178.8,106,8.05,10.4,8,2.81,2," False."
"612","NM",170,408," 418-7544"," no"," no",0,215.4,94,36.62,138.2,97,11.75,237.1,117,10.67,12.5,5,3.38,1," False."
"266","NJ",139,415," 369-9640"," no"," no",0,63.3,116,10.76,177.3,113,15.07,171.6,82,7.72,14.2,4,3.83,1," False."
"13","ME",102,415," 372-8233"," no"," no",0,228.1,86,38.78,156,97,13.26,227.9,124,10.26,10.6,9,2.86,1," False."
"576","NH",119,408," 359-8717"," no"," no",0,215.1,105,36.57,249.4,104,21.2,249.9,83,11.25,10.8,8,2.92,2," False."
"1425","NE",67,408," 375-6587"," no"," no",0,144.7,91,24.6,219.6,106,18.67,233.5,98,10.51,12.6,8,3.4,1," False."
"1128","OR",100,510," 413-1858"," no"," no",0,152.7,98,25.96,212.4,73,18.05,264.5,90,11.9,7.9,3,2.13,2," False."
"823","RI",131,415," 399-1939"," no"," no",0,131.3,39,22.32,242.9,101,20.65,278.8,100,12.55,8.5,2,2.3,2," False."
"1450","SD",106,415," 366-3815"," no"," no",0,94.8,113,16.12,283.2,95,24.07,219.3,106,9.87,6.8,4,1.84,1," False."
"869","DC",151,415," 386-7672"," no"," yes",27,154.4,141,26.25,210.6,109,17.9,167.9,109,7.56,7.8,3,2.11,3," False."
"1127","AR",72,415," 388-7231"," no"," yes",27,111.7,68,18.99,252.8,106,21.49,255.5,109,11.5,7.8,4,2.11,1," False."
"1399","UT",34,415," 397-9547"," no"," yes",33,284.3,115,48.33,204.8,125,17.41,143,83,6.44,3.5,4,0.95,0," False."
"1190","IL",71,415," 409-2788"," no"," no",0,112.1,122,19.06,157.9,86,13.42,271.6,104,12.22,11.1,5,3,0," False."
"742","AR",121,415," 418-9746"," no"," no",0,123.6,113,21.01,229.4,85,19.5,242.9,97,10.93,10.3,4,2.78,0," False."
"648","ME",55,510," 383-5695"," no"," no",0,181.3,100,30.82,200.5,122,17.04,226.9,99,10.21,10.9,2,2.94,1," False."
"806","KY",102,415," 396-8551"," yes"," no",0,209.8,85,35.67,165.7,100,14.08,230.1,92,10.35,8.7,6,2.35,0," False."
"1357","MO",87,415," 373-3185"," yes"," no",0,128.9,71,21.91,281.9,91,23.96,209.1,100,9.41,9.9,4,2.67,0," False."
"903","VT",122,415," 350-1054"," yes"," no",0,49.5,114,8.42,214.1,98,18.2,154.9,120,6.97,10,4,2.7,0," False."
"978","RI",129,510," 347-2422"," no"," yes",10,161.4,91,27.44,183.1,102,15.56,240.3,65,10.81,12.9,3,3.48,1," False."
"503","TN",98,415," 401-4776"," no"," no",0,190.5,106,32.39,164.2,92,13.96,110.8,88,4.99,11.4,5,3.08,2," False."
"685","MD",105,408," 343-6686"," no"," no",0,141.8,85,24.11,191.3,101,16.26,133.6,126,6.01,10.9,3,2.94,1," False."
"583","KS",33,415," 403-6319"," no"," no",0,228.1,77,38.78,176.3,102,14.99,224.5,119,10.1,7.5,1,2.03,0," False."
"354","AL",64,510," 397-7972"," no"," no",0,297.8,88,50.63,196,89,16.66,213.7,107,9.62,12,2,3.24,1," True."
"1621","ME",90,415," 358-4500"," no"," no",0,104,104,17.68,170.9,106,14.53,158.8,99,7.15,8.7,5,2.35,4," True."
"48","WV",66,415," 381-5680"," no"," no",0,239.6,120,40.73,230.3,110,19.58,153,82,6.89,8.6,3,2.32,1," False."
"627","CO",135,408," 351-2833"," no"," no",0,129.4,104,22,199,96,16.92,142.4,81,6.41,12.3,4,3.32,1," False."
"1655","AR",127,415," 397-4141"," no"," yes",27,157.6,107,26.79,280.6,49,23.85,75.1,77,3.38,8,4,2.16,1," False."
"553","DC",86,415," 403-8605"," no"," yes",29,189.3,107,32.18,221.3,101,18.81,325.6,137,14.65,13.8,3,3.73,1," False."
"962","OH",49,408," 340-9208"," no"," no",0,202.3,105,34.39,195.4,131,16.61,190.1,88,8.55,9,2,2.43,3," True."
"670","NJ",60,415," 354-8492"," yes"," no",0,97.2,91,16.52,243.7,93,20.71,235,116,10.58,10.1,2,2.73,1," True."
"352","WV",57,415," 332-7925"," no"," no",0,167.1,103,28.41,188.4,112,16.01,111.4,74,5.01,9.1,2,2.46,1," False."
"1134","MS",140,415," 397-8357"," no"," no",0,265,100,45.05,147.6,89,12.55,247.7,94,11.15,10.7,3,2.89,1," False."
"1055","VA",118,408," 416-5528"," no"," no",0,160.3,110,27.25,53.2,92,4.52,130.7,119,5.88,10.5,4,2.84,0," False."
"117","NC",135,510," 354-5247"," no"," yes",18,180.1,90,30.62,152.5,65,12.96,258.2,85,11.62,12.7,9,3.43,1," False."
"1431","TN",139,510," 399-1571"," no"," no",0,196.9,58,33.47,137.1,91,11.65,216.6,101,9.75,9.8,3,2.65,1," False."
"795","NM",138,408," 407-3201"," no"," yes",12,114.5,100,19.47,175.1,130,14.88,112.7,85,5.07,7.8,5,2.11,0," False."
"1482","WI",119,415," 380-3894"," no"," no",0,37.4,102,6.36,182.3,115,15.5,191.9,100,8.64,8.3,5,2.24,2," False."
"65","ME",57,510," 344-9632"," no"," no",0,155.2,99,26.38,214.1,98,18.2,241,64,10.85,7.5,7,2.03,1," False."
"406","NJ",91,415," 365-3009"," no"," no",0,93.5,110,15.9,213.3,79,18.13,171.7,83,7.73,8.9,4,2.4,4," True."
"1508","MA",95,415," 396-4480"," no"," no",0,186.4,85,31.69,173.4,100,14.74,294.7,73,13.26,9.1,5,2.46,1," False."
"251","NV",94,510," 419-9987"," no"," no",0,175.9,121,29.9,222.1,94,18.88,191.8,123,8.63,10.9,5,2.94,1," False."
"195","PA",90,408," 364-8776"," no"," no",0,160.9,97,27.35,136.4,46,11.59,209,121,9.4,9.1,4,2.46,2," False."
"1548","KS",136,415," 336-1079"," no"," no",0,232.9,119,39.59,191,103,16.24,222.5,59,10.01,10.7,3,2.89,0," False."
"360","IN",116,415," 410-5726"," no"," no",0,271,114,46.07,209.9,71,17.84,193.5,109,8.71,13.7,2,3.7,5," True."
"651","DC",65,408," 357-4496"," no"," no",0,244.5,72,41.57,206.2,88,17.53,299.8,110,13.49,7.6,1,2.05,5," True."
"1502","PA",96,415," 337-1761"," no"," yes",28,66.6,147,11.32,297,121,25.25,144.2,106,6.49,13,3,3.51,2," False."
"1260","SD",72,415," 333-1661"," no"," yes",38,84.3,116,14.33,267.2,127,22.71,167.7,75,7.55,8.3,6,2.24,4," True."
"404","AL",82,415," 391-4645"," no"," no",0,273.8,99,46.55,123.8,110,10.52,147.7,61,6.65,6.9,4,1.86,2," False."
"414","MN",113,408," 338-9350"," no"," no",0,198.6,115,33.76,258,106,21.93,245.8,104,11.06,10.2,6,2.75,1," True."
"1174","NJ",107,510," 330-9351"," no"," no",0,156.3,75,26.57,215.3,93,18.3,118.2,115,5.32,8.8,2,2.38,1," False."
"704","IL",63,415," 388-5162"," no"," yes",26,214.2,80,36.41,253,152,21.51,156.4,109,7.04,10.3,2,2.78,2," False."
"1403","MT",21,415," 382-5340"," no"," no",0,254.3,87,43.23,215.5,95,18.32,236.3,98,10.63,11.6,5,3.13,1," True."
"608","WY",44,415," 368-2732"," no"," yes",20,184.8,105,31.42,195,169,16.58,130.1,121,5.85,11.6,3,3.13,1," False."
"421","UT",169,408," 347-2255"," no"," no",0,157.8,96,26.83,160,120,13.6,198.8,112,8.95,13.7,6,3.7,3," False."
"932","OK",103,415," 414-5554"," no"," no",0,278.4,121,47.33,252.2,139,21.44,202.3,96,9.1,13.7,1,3.7,1," True."
"301","AL",151,408," 419-2506"," no"," yes",27,166.4,112,28.29,234.3,116,19.92,161.1,95,7.25,5.5,2,1.49,0," False."
"110","UT",133,510," 384-7176"," no"," no",0,338.4,86,57.53,234.6,97,19.94,264.8,139,11.92,14.8,4,4,3," True."
"1402","PA",86,415," 340-7792"," no"," yes",23,247.6,65,42.09,255.7,104,21.73,150,138,6.75,7.3,5,1.97,3," False."
"26","OR",117,415," 328-1642"," no"," yes",38,259.3,94,44.08,245.6,71,20.88,269.3,125,12.12,9.2,1,2.48,3," False."
"123","MT",57,415," 408-6003"," no"," no",0,234.4,120,39.85,155.3,120,13.2,130.5,103,5.87,9.4,4,2.54,1," False."
"696","TX",123,408," 403-1542"," no"," yes",41,141.3,127,24.02,152,96,12.92,218.8,114,9.85,8.1,3,2.19,3," False."
"150","UT",89,408," 393-7267"," no"," no",0,144.2,74,24.51,164.7,119,14,279.2,121,12.56,12.1,7,3.27,4," True."
"100","IA",74,408," 387-6453"," no"," no",0,156.3,102,26.57,273.1,118,23.21,215.8,113,9.71,9,4,2.43,3," False."
"1106","ME",62,510," 400-6094"," no"," no",0,211.3,100,35.92,228.4,91,19.41,217.1,77,9.77,6.3,5,1.7,0," False."
"1583","OR",1,415," 360-5152"," no"," no",0,195,81,33.15,266.2,123,22.63,213.9,132,9.63,11.1,6,3,0," False."
"1310","RI",79,415," 395-5549"," no"," yes",30,148,96,25.16,149.6,128,12.72,220.3,99,9.91,9.7,5,2.62,3," False."
"868","VT",155,510," 334-3433"," no"," no",0,223.8,109,38.05,233.4,68,19.84,201.6,111,9.07,8.8,8,2.38,1," False."
"1564","OH",108,415," 361-4305"," no"," yes",30,126,124,21.42,202.4,84,17.2,186.4,99,8.39,8.6,1,2.32,1," False."
"875","GA",70,415," 361-3491"," no"," yes",20,230.2,110,39.13,177.5,111,15.09,206.3,38,9.28,11.9,2,3.21,0," False."
"752","SC",90,408," 342-9503"," no"," yes",31,118.5,92,20.15,257.9,76,21.92,186.2,96,8.38,9,6,2.43,1," False."
"1363","ME",157,408," 354-1588"," no"," yes",27,201.4,85,34.24,101.3,60,8.61,258.5,113,11.63,11.9,5,3.21,2," False."
"1481","LA",164,408," 334-8646"," no"," yes",32,111.7,116,18.99,133.9,93,11.38,176.5,76,7.94,8,5,2.16,1," False."
"52","HI",63,415," 330-7635"," no"," no",0,112.5,95,19.13,211.2,67,17.95,227.5,96,10.24,11.1,8,3,0," False."
"148","NV",60,415," 344-7590"," no"," no",0,197,130,33.49,219.2,105,18.63,102.8,113,4.63,12.6,4,3.4,1," False."
"644","GA",27,415," 379-6964"," no"," yes",32,190.3,97,32.35,279,77,23.72,133.8,117,6.02,8.4,3,2.27,2," False."
"956","DC",94,415," 385-3019"," no"," yes",31,209.3,90,35.58,281.7,111,23.94,190.1,66,8.55,7.9,5,2.13,0," False."
"1657","MN",150,408," 407-6315"," no"," no",0,170,115,28.9,162.7,138,13.83,267.2,77,12.02,8.3,2,2.24,0," False."
"1245","KS",158,415," 347-1864"," yes"," no",0,200,98,34,205.4,106,17.46,323.7,96,14.57,8.9,2,2.4,0," True."
"1226","NH",170,415," 391-6449"," no"," no",0,222.8,82,37.88,148.2,105,12.6,231.1,75,10.4,13.3,5,3.59,1," False."
"1311","TN",114,415," 393-3431"," yes"," no",0,200.7,72,34.12,271.2,79,23.05,188.2,97,8.47,13.4,7,3.62,2," True."
"119","PA",110,510," 382-9474"," no"," no",0,158.6,97,26.96,204.4,123,17.37,182.5,123,8.21,11.3,3,3.05,2," False."
"951","TN",45,415," 360-8131"," yes"," no",0,189.6,96,32.23,171.7,69,14.59,222,102,9.99,13.9,7,3.75,1," True."
"619","WV",112,408," 334-2057"," no"," no",0,168.4,53,28.63,187.5,68,15.94,204.5,125,9.2,9.8,3,2.65,1," False."
"1396","AR",42,510," 377-6009"," no"," no",0,155.1,110,26.37,160.8,109,13.67,237.4,115,10.68,11.3,2,3.05,3," False."
"1667","VT",86,415," 373-8058"," no"," yes",34,129.4,102,22,267.1,104,22.7,154.8,100,6.97,9.3,16,2.51,0," False."
"642","WI",82,408," 395-4108"," no"," no",0,217.6,82,36.99,169.4,101,14.4,248.9,124,11.2,12.7,3,3.43,0," False."
"1028","IN",158,408," 328-9030"," no"," no",0,119.8,123,20.37,262.2,122,22.29,219.8,111,9.89,12.4,5,3.35,1," False."
"1503","WI",95,415," 358-7548"," no"," no",0,198.9,101,33.81,209.7,91,17.82,145.3,55,6.54,11.4,4,3.08,1," False."
"1232","TX",145,510," 401-1455"," no"," no",0,158.8,120,27,352.1,145,29.93,177.6,140,7.99,6.2,6,1.67,2," False."
"600","IN",88,415," 329-8143"," no"," no",0,82.7,94,14.06,157.5,130,13.39,205.9,81,9.27,10.6,4,2.86,0," True."
"811","WY",86,415," 364-6992"," no"," no",0,227.9,105,38.74,218.7,118,18.59,223.2,120,10.04,14.2,5,3.83,3," False."
"1112","MD",63,415," 347-4928"," no"," yes",25,230.3,82,39.15,165.6,96,14.08,227.7,125,10.25,9,2,2.43,1," False."
"1572","MN",17,415," 369-2798"," no"," no",0,138.1,115,23.48,196.5,55,16.7,213.9,100,9.63,11.7,4,3.16,1," False."
"675","ME",124,415," 345-4653"," no"," no",0,151.6,119,25.77,198.1,93,16.84,173.4,91,7.8,11.6,3,3.13,3," False."
"751","AL",91,510," 372-4493"," no"," yes",39,160.8,97,27.34,119.3,54,10.14,147.9,101,6.66,10.3,3,2.78,3," False."
"1556","RI",87,415," 409-9467"," no"," no",0,139.7,112,23.75,226.8,62,19.28,168.5,65,7.58,15.1,7,4.08,1," False."
"1438","CA",149,415," 378-2996"," no"," no",0,152.1,116,25.86,164.3,83,13.97,142.8,98,6.43,7.6,3,2.05,0," False."
"918","WV",160,408," 355-7681"," no"," yes",37,179.8,104,30.57,144.8,115,12.31,209.1,89,9.41,11.1,8,3,3," False."
"1520","CT",41,415," 385-8393"," no"," yes",24,247.6,97,42.09,199.7,106,16.97,217.7,91,9.8,12.1,6,3.27,1," False."
"1663","HI",50,408," 365-8751"," no"," yes",40,235.7,127,40.07,223,126,18.96,297.5,116,13.39,9.9,5,2.67,2," False."
"1125","WY",81,415," 367-8066"," no"," no",0,165.2,109,28.08,170.6,96,14.5,205,74,9.23,9.9,4,2.67,0," False."
"426","ID",89,415," 377-2132"," no"," yes",15,274,83,46.58,192.2,97,16.34,125.9,141,5.67,11.9,2,3.21,0," False."
"1173","GA",84,408," 367-5128"," no"," no",0,127.7,81,21.71,188.4,84,16.01,260,125,11.7,4.7,6,1.27,1," False."
"925","WA",65,510," 364-8637"," no"," no",0,183.4,63,31.18,183.6,80,15.61,153.5,83,6.91,10.7,4,2.89,4," True."
"1073","ID",137,510," 348-6721"," no"," no",0,203.1,97,34.53,132,76,11.22,250.9,94,11.29,9.2,4,2.48,4," False."
"82","ND",128,408," 332-5607"," no"," no",0,102.5,87,17.43,177.2,97,15.06,226,119,10.17,8.7,5,2.35,1," False."
"427","NH",116,415," 364-5252"," no"," no",0,215.6,127,36.65,105.5,110,8.97,291.7,80,13.13,11.2,7,3.02,3," False."
"256","UT",93,415," 336-7455"," no"," no",0,174.1,127,29.6,176.8,73,15.03,240,111,10.8,10.7,3,2.89,0," False."
"846","DC",86,408," 387-5618"," no"," no",0,178.3,94,30.31,264.4,74,22.47,284.6,109,12.81,15,2,4.05,0," False."
"1321","AZ",106,408," 385-8758"," no"," no",0,273.8,120,46.55,149.3,104,12.69,193.9,127,8.73,11.2,3,3.02,0," False."
"429","VA",78,415," 384-6230"," yes"," yes",20,252.8,102,42.98,217.6,105,18.5,107.3,93,4.83,11.2,3,3.02,0," False."
"202","MO",83,510," 410-3396"," no"," no",0,133.9,82,22.76,169.6,105,14.42,222.8,114,10.03,11.7,4,3.16,0," False."
"1036","OR",60,510," 364-8778"," no"," no",0,203.7,95,34.63,212.6,122,18.07,177.1,103,7.97,7.9,1,2.13,3," False."
"75","CO",93,415," 346-6439"," no"," no",0,120.6,104,20.5,205.5,95,17.47,182.5,107,8.21,9.6,6,2.59,2," False."
"610","NJ",38,415," 407-3765"," no"," no",0,228.3,129,38.81,141.9,83,12.06,268.6,116,12.09,9.7,3,2.62,2," False."
"726","MD",5,408," 382-3713"," no"," no",0,198.7,108,33.78,146.7,86,12.47,216.8,95,9.76,9.5,3,2.57,2," False."
"1099","DC",19,415," 330-8787"," no"," no",0,184.5,131,31.37,201.3,87,17.11,188.9,114,8.5,13.1,10,3.54,1," False."
"1376","OR",91,408," 397-9729"," no"," no",0,240.8,105,40.94,192.8,93,16.39,253.4,69,11.4,7.6,3,2.05,4," False."
"464","KY",158,510," 332-3516"," no"," yes",22,192.9,86,32.79,219.7,104,18.67,169.3,92,7.62,10.9,3,2.94,2," False."
"1077","IN",55,415," 350-4256"," no"," yes",33,141,99,23.97,250.9,109,21.33,284.6,89,12.81,11.7,3,3.16,0," False."
"1323","OK",174,408," 396-8663"," no"," no",0,178,49,30.26,141.5,83,12.03,265.1,114,11.93,6.2,5,1.67,3," False."
"690","NJ",65,415," 404-4312"," no"," no",0,97.9,138,16.64,173,102,14.71,262.2,92,11.8,9.2,4,2.48,1," False."
"628","IA",102,510," 332-3279"," no"," no",0,171.5,77,29.16,261,107,22.19,328.8,72,14.8,10.2,1,2.75,0," False."
"908","KS",129,415," 368-5046"," no"," no",0,220.2,117,37.43,261.1,102,22.19,165.9,132,7.47,10.8,1,2.92,2," False."
"1045","TX",138,415," 343-5445"," no"," no",0,217.2,73,36.92,190.8,127,16.22,133.5,97,6.01,5.2,3,1.4,4," False."
"1038","IN",168,415," 407-5054"," no"," no",0,160.6,110,27.3,185.2,120,15.74,120.2,104,5.41,9.1,4,2.46,1," True."
"1152","NE",112,415," 333-4239"," yes"," no",0,195.7,123,33.27,141.9,124,12.06,136.4,72,6.14,7.9,6,2.13,1," False."
"609","MA",113,510," 393-9216"," no"," no",0,193.1,93,32.83,206.4,85,17.54,215.9,102,9.72,11.1,2,3,1," False."
"204","SC",136,415," 397-1039"," no"," no",0,88.5,112,15.05,279.5,98,23.76,278,69,12.51,7.5,12,2.03,1," False."
"1069","NE",105,510," 411-7944"," no"," no",0,213.3,99,36.26,153.1,79,13.01,227.9,98,10.26,10.8,5,2.92,1," False."
"1225","TN",25,415," 337-3699"," no"," no",0,114.4,114,19.45,201.1,97,17.09,238.4,121,10.73,11.6,4,3.13,3," False."
"1581","AR",71,408," 366-7180"," no"," yes",24,139.8,58,23.77,253.8,110,21.57,252.8,113,11.38,11.1,6,3,1," False."
"1636","OK",117,415," 411-2765"," no"," no",0,212.1,133,36.06,276.6,94,23.51,195.5,124,8.8,9.5,3,2.57,2," False."
"1616","NH",114,510," 386-8818"," yes"," yes",28,136.4,93,23.19,170,90,14.45,191.5,73,8.62,14.6,4,3.94,2," True."
"92","IA",82,408," 339-8651"," no"," no",0,183.6,111,31.21,303.5,88,25.8,189.8,115,8.54,10.3,6,2.78,0," False."
"991","VT",105,415," 409-7971"," no"," no",0,204.6,111,34.78,134.4,109,11.42,260.8,69,11.74,5.7,7,1.54,1," False."
"1165","CA",96,415," 364-9028"," no"," no",0,183.9,88,31.26,109.2,86,9.28,190.2,78,8.56,16.6,7,4.48,2," False."
"796","ID",130,510," 367-3304"," no"," no",0,140.9,68,23.95,217.5,109,18.49,123.6,96,5.56,13.6,4,3.67,3," False."
"1231","NH",8,415," 421-6168"," no"," no",0,176,97,29.92,234.2,136,19.91,193.5,134,8.71,8.5,5,2.3,1," False."
"197","DE",148,510," 414-2742"," no"," no",0,230.6,92,39.2,185.6,97,15.78,183.2,79,8.24,6.2,4,1.67,2," False."
"768","ID",164,408," 362-9109"," yes"," yes",28,156.1,98,26.54,209.9,140,17.84,190,69,8.55,11.4,4,3.08,0," False."
"919","UT",67,510," 418-7885"," no"," no",0,225.9,78,38.4,243.1,83,20.66,84.1,94,3.78,13.5,2,3.65,2," True."
"540","ND",57,415," 350-5997"," yes"," no",0,227.4,94,38.66,146.4,115,12.44,211.4,92,9.51,8.3,5,2.24,1," False."
"763","UT",167,415," 384-6032"," no"," no",0,94.9,114,16.13,315.8,105,26.84,181,71,8.15,10.8,6,2.92,0," False."
"1104","MA",102,510," 338-1968"," no"," no",0,143.7,82,24.43,170.9,83,14.53,310.9,112,13.99,9.8,1,2.65,2," False."
"1043","TN",102,408," 408-7260"," no"," no",0,157.4,83,26.76,47.3,102,4.02,160.4,92,7.22,11.4,5,3.08,0," False."
"213","AL",92,408," 378-2599"," no"," no",0,185.8,61,31.59,118.1,131,10.04,257.5,70,11.59,11.8,4,3.19,1," False."
"1005","DC",78,415," 387-4090"," yes"," no",0,176.6,107,30.02,179.4,98,15.25,178.2,80,8.02,16.6,5,4.48,2," True."
"1164","OR",103,408," 412-4971"," no"," no",0,185.8,118,31.59,86.8,84,7.38,208.4,115,9.38,10.7,9,2.89,1," False."
"852","MD",131,415," 341-9321"," no"," no",0,212.8,108,36.18,212,115,18.02,235.9,96,10.62,9.8,11,2.65,0," False."
"91","OR",102,415," 328-9400"," no"," yes",25,187.5,105,31.88,272.3,88,23.15,216.4,91,9.74,11.7,2,3.16,2," False."
"1151","RI",123,408," 331-5631"," no"," no",0,225.6,102,38.35,225.8,56,19.19,186.7,128,8.4,6.7,2,1.81,1," False."
"399","TN",93,510," 338-3342"," no"," yes",23,196,91,33.32,156.3,107,13.29,200.5,68,9.02,15.3,2,4.13,1," False."
"264","DE",64,415," 340-1717"," no"," yes",31,281.9,121,47.92,240.6,104,20.45,212.2,120,9.55,7,5,1.89,3," False."
"1530","AL",26,408," 368-6335"," no"," no",0,290.1,143,49.32,245.7,97,20.88,147,80,6.61,7.4,4,2,2," True."
"902","MD",139,415," 383-9392"," no"," no",0,102.2,76,17.37,230,106,19.55,183.4,136,8.25,10.8,4,2.92,1," False."
"949","SD",74,510," 377-4646"," no"," no",0,143.7,97,24.43,229.6,110,19.52,98.8,100,4.45,11.8,5,3.19,1," False."
"1030","IA",52,510," 379-9498"," no"," yes",24,229.1,86,38.95,168.7,124,14.34,245.4,75,11.04,14.6,2,3.94,1," False."
"654","ID",95,408," 395-6370"," no"," no",0,133,94,22.61,196.6,126,16.71,181,128,8.15,9.9,3,2.67,4," True."
"765","MA",130,408," 348-8302"," no"," no",0,162,62,27.54,278.1,108,23.64,197.5,82,8.89,9.1,4,2.46,1," False."
"347","SC",125,510," 345-2425"," no"," no",0,184.1,105,31.3,126.7,123,10.77,241.5,94,10.87,4.7,6,1.27,1," False."
"431","VA",106,408," 369-2932"," no"," no",0,165.1,120,28.07,290.2,79,24.67,250.3,140,11.26,8.1,2,2.19,0," False."
"809","WV",116,415," 399-8419"," no"," no",0,255.5,93,43.44,224.4,122,19.07,317.3,85,14.28,12.7,4,3.43,1," True."
"1454","ID",65,408," 339-1089"," no"," yes",19,259,96,44.03,332.3,106,28.25,130.1,95,5.85,7.5,7,2.03,1," False."
"341","NH",171,415," 418-8664"," no"," no",0,262.1,78,44.56,171.6,113,14.59,208.7,100,9.39,5.3,3,1.43,0," False."
"699","TX",110,415," 331-8469"," no"," no",0,149.2,128,25.36,112.8,101,9.59,156.3,111,7.03,12.2,4,3.29,1," False."
"856","NY",148,408," 337-7132"," no"," no",0,236.5,84,40.21,236,95,20.06,228.6,124,10.29,8.3,6,2.24,2," False."
"971","OR",67,415," 385-7814"," no"," no",0,245.1,118,41.67,185.2,94,15.74,193.6,112,8.71,8.1,3,2.19,3," False."
"1546","OR",122,408," 348-8585"," no"," no",0,152,86,25.84,162.8,61,13.84,161.9,98,7.29,9.3,3,2.51,1," False."
"433","VT",42,415," 408-9874"," no"," no",0,217.2,122,36.92,303.2,58,25.77,147.3,114,6.63,14,4,3.78,2," False."
"880","CT",78,408," 380-2125"," no"," no",0,157.3,61,26.74,242,119,20.57,196,107,8.82,10.6,1,2.86,1," False."
"1413","VT",78,408," 405-8165"," no"," yes",38,199,96,33.83,75.5,93,6.42,180.2,78,8.11,7.5,7,2.03,1," False."
"819","NV",77,415," 337-1993"," no"," no",0,215.5,81,36.64,170.9,100,14.53,170.3,59,7.66,10.3,3,2.78,1," False."
"1319","NH",22,408," 414-9924"," no"," yes",29,151.2,147,25.7,203.2,135,17.27,296.1,98,13.32,11.1,2,3,2," False."
"1338","SD",140,415," 349-8988"," no"," no",0,191.8,67,32.61,261.1,52,22.19,252.7,112,11.37,10.8,3,2.92,6," False."
"385","FL",185,510," 401-8590"," no"," yes",24,121.6,100,20.67,108.3,77,9.21,206.3,98,9.28,12.3,2,3.32,5," True."
"494","KS",59,510," 347-6527"," no"," yes",45,71.2,113,12.1,233.7,95,19.86,139.3,129,6.27,14,12,3.78,1," False."
"114","NC",118,415," 358-3379"," no"," no",0,256.5,115,43.61,135.3,79,11.5,208.3,131,9.37,7.5,5,2.03,0," False."
"1627","NM",137,408," 357-5946"," yes"," no",0,312.4,110,53.11,231.1,73,19.64,120.1,78,5.4,10.6,2,2.86,1," True."
"944","ND",120,415," 371-7098"," no"," no",0,174.1,108,29.6,209.6,96,17.82,267.5,99,12.04,11.6,2,3.13,0," False."
"1326","IN",91,415," 396-1316"," no"," no",0,289.3,73,49.18,179.8,86,15.28,186.7,94,8.4,6.4,7,1.73,1," True."
"1624","ND",97,415," 412-6600"," no"," no",0,197.8,122,33.63,208.2,147,17.7,106.3,115,4.78,15.1,4,4.08,1," False."
"1192","AK",146,510," 405-1184"," yes"," no",0,163.5,85,27.8,224.8,149,19.11,253.1,116,11.39,9.8,4,2.65,1," False."
"196","CT",106,510," 414-9745"," no"," yes",36,124.8,93,21.22,241.7,83,20.54,219,110,9.86,11.3,3,3.05,1," False."
"1430","NJ",115,510," 406-8007"," no"," no",0,156.8,104,26.66,264.7,84,22.5,249,112,11.21,7.4,8,2,0," False."
"940","NJ",160,415," 414-6478"," no"," no",0,118.9,106,20.21,163.5,75,13.9,195,131,8.78,13.1,4,3.54,0," False."
"666","OH",159,510," 411-4378"," no"," no",0,168.5,80,28.65,203.9,119,17.33,199.1,126,8.96,8.1,2,2.19,1," False."
"314","MN",167,415," 358-2656"," yes"," no",0,143.7,108,24.43,75.6,111,6.43,217.9,99,9.81,9.9,4,2.67,0," False."
"968","GA",63,408," 408-8873"," no"," no",0,204,119,34.68,161.7,90,13.74,202.6,113,9.12,9.4,4,2.54,3," False."
"384","CO",43,415," 371-4489"," no"," no",0,184.8,114,31.42,130.6,131,11.1,175,69,7.88,8,9,2.16,0," False."
"635","UT",91,510," 379-2614"," no"," no",0,142.6,90,24.24,286.8,102,24.38,222.2,113,10,14.8,3,4,0," False."
"241","CA",90,510," 364-3666"," no"," yes",22,187.9,121,31.94,209.9,101,17.84,256.7,102,11.55,10.4,5,2.81,2," False."
"208","ME",79,510," 389-3015"," yes"," no",0,300.4,113,51.07,210.8,93,17.92,173.4,121,7.8,11.9,3,3.21,2," True."
"964","MT",64,415," 386-9320"," no"," no",0,131.3,105,22.32,109.4,114,9.3,246.2,125,11.08,12.7,4,3.43,4," True."
"982","MO",115,408," 329-5668"," no"," no",0,80.8,81,13.74,195.7,91,16.63,190.1,66,8.55,11.7,6,3.16,1," False."
"1286","KY",133,415," 419-8830"," no"," no",0,226.8,87,38.56,127.9,93,10.87,160.1,89,7.2,9.2,3,2.48,0," False."
"1449","ND",55,415," 334-9218"," no"," no",0,180.1,77,30.62,235.5,98,20.02,169.4,104,7.62,11.1,2,3,0," False."
"1347","AR",71,415," 386-8678"," no"," yes",27,151.2,118,25.7,228,82,19.38,169.8,113,7.64,5.6,17,1.51,0," False."
"235","WA",62,415," 394-9346"," no"," no",0,166.9,76,28.37,223.6,113,19.01,188.9,87,8.5,14.2,5,3.83,1," False."
"61","NJ",163,415," 419-2100"," no"," no",0,82,95,13.94,125.2,103,10.64,171.3,107,7.71,8,4,2.16,1," False."
"43","WI",141,415," 365-5972"," no"," yes",33,168.4,127,28.63,185.1,106,15.73,220,78,9.9,11,4,2.97,2," False."
"776","SC",101,415," 329-6776"," yes"," no",0,92.1,109,15.66,163,83,13.86,133.3,102,6,9.7,11,2.62,2," False."
"778","KS",100,415," 329-2452"," yes"," no",0,156.3,82,26.57,259.4,91,22.05,143.7,93,6.47,8.3,7,2.24,5," False."
"798","MA",150,408," 342-8813"," no"," no",0,150.9,92,25.65,191,106,16.24,223.6,107,10.06,8.3,4,2.24,5," True."
"1659","AZ",97,510," 410-3888"," no"," no",0,252.6,89,42.94,340.3,91,28.93,256.5,67,11.54,8.8,5,2.38,1," True."
"166","WA",114,510," 388-2278"," yes"," no",0,115.6,93,19.65,163.2,78,13.87,251.3,104,11.31,9.7,1,2.62,2," True."
"286","NH",94,415," 392-3084"," no"," no",0,114.4,115,19.45,183.9,79,15.63,205.2,78,9.23,5.9,2,1.59,3," False."
"99","NC",52,408," 346-7021"," no"," yes",31,122.2,88,20.77,139,100,11.82,141.9,141,6.39,5.7,10,1.54,3," False."
"1092","KY",7,510," 335-4379"," no"," yes",33,211.8,99,36.01,170.9,110,14.53,244.2,125,10.99,11.2,4,3.02,2," False."
"1646","KS",108,408," 389-4921"," no"," no",0,170.3,48,28.95,187.7,146,15.95,204,84,9.18,16.1,4,4.35,3," False."
"942","OK",73,415," 409-8346"," yes"," yes",34,252.9,103,42.99,220.1,79,18.71,144.9,65,6.52,11.4,3,3.08,0," False."
"790","AZ",132,408," 334-5571"," yes"," yes",21,223.4,89,37.98,193.2,105,16.42,226.2,85,10.18,7.7,5,2.08,3," False."
